0,0.763157,0.760665
1e-06,0.762465,0.761192
2e-06,0.761759,0.761746
3e-06,0.76104,0.762274
4e-06,0.760306,0.762801
5e-06,0.759558,0.763356
6e-06,0.758795,0.76391
7e-06,0.758017,0.764438
8e-06,0.757224,0.764965
9e-06,0.756416,0.765492
1e-05,0.755591,0.766047
1.1e-05,0.754751,0.766574
1.2e-05,0.753895,0.767101
1.3e-05,0.753021,0.767656
1.4e-05,0.752132,0.768211
1.5e-05,0.751225,0.768738
1.6e-05,0.7503,0.769265
1.7e-05,0.749358,0.769792
1.8e-05,0.748398,0.770319
1.9e-05,0.74742,0.770874
2e-05,0.746423,0.771401
2.1e-05,0.745408,0.771956
2.2e-05,0.744373,0.772483
2.3e-05,0.743319,0.773038
2.4e-05,0.742245,0.773565
2.5e-05,0.741151,0.774092
2.6e-05,0.740037,0.774619
2.7e-05,0.738902,0.775174
2.8e-05,0.737746,0.775701
2.9e-05,0.736569,0.776228
3e-05,0.73537,0.776783
3.1e-05,0.734149,0.77731
3.2e-05,0.732906,0.777838
3.3e-05,0.731641,0.778392
3.4e-05,0.730353,0.77892
3.5e-05,0.729041,0.779447
3.6e-05,0.727706,0.779974
3.7e-05,0.726347,0.780529
3.8e-05,0.724964,0.781056
3.9e-05,0.723556,0.781583
4e-05,0.722124,0.782138
4.1e-05,0.720666,0.782665
4.2e-05,0.719183,0.783192
4.3e-05,0.717674,0.783747
4.4e-05,0.716139,0.784274
4.5e-05,0.714577,0.784801
4.6e-05,0.712988,0.785328
4.7e-05,0.711372,0.785883
4.8e-05,0.709729,0.78641
4.9e-05,0.708058,0.786937
5e-05,0.706358,0.787464
5.1e-05,0.70463,0.788019
5.2e-05,0.702873,0.788547
5.3e-05,0.701087,0.789074
5.4e-05,0.699271,0.789601
5.5e-05,0.697426,0.790128
5.6e-05,0.69555,0.790683
5.7e-05,0.693644,0.79121
5.8e-05,0.691706,0.791737
5.9e-05,0.689738,0.792264
6e-05,0.687738,0.792791
6.1e-05,0.685706,0.793318
6.2e-05,0.683643,0.793845
6.3e-05,0.681546,0.7944
6.4e-05,0.679417,0.794927
6.5e-05,0.677255,0.795455
6.6e-05,0.675059,0.795982
6.7e-05,0.67283,0.796509
6.8e-05,0.670566,0.797036
6.9e-05,0.668269,0.797563
7e-05,0.665937,0.798118
7.1e-05,0.66357,0.798617
7.2e-05,0.661168,0.799172
7.3e-05,0.65873,0.799699
7.4e-05,0.656256,0.800226
7.5e-05,0.653747,0.800754
7.6e-05,0.651202,0.801281
7.7e-05,0.64862,0.801808
7.8e-05,0.646002,0.802335
7.9e-05,0.643347,0.802862
8e-05,0.640654,0.803389
8.1e-05,0.637924,0.803916
8.2e-05,0.635157,0.804443
8.3e-05,0.632352,0.804971
8.4e-05,0.629509,0.805498
8.5e-05,0.626627,0.806025
8.6e-05,0.623708,0.806552
8.7e-05,0.62075,0.807079
8.8e-05,0.617753,0.807578
8.9e-05,0.614718,0.808105
9e-05,0.611643,0.80866
9.1e-05,0.60853,0.809187
9.2e-05,0.605378,0.809687
9.3e-05,0.602186,0.810214
9.4e-05,0.598955,0.810741
9.5e-05,0.595685,0.811268
9.6e-05,0.592374,0.811768
9.7e-05,0.589025,0.812322
9.8e-05,0.585636,0.81285
9.9e-05,0.582208,0.813349
0.0001,0.57874,0.813876
0.000101,0.575232,0.814403
0.000102,0.571685,0.81493
0.000103,0.568098,0.815457
0.000104,0.564472,0.815957
0.000105,0.560807,0.816484
0.000106,0.557102,0.816983
0.000107,0.553358,0.81751
0.000108,0.549575,0.818038
0.000109,0.545753,0.818565
0.00011,0.541892,0.819064
0.000111,0.537993,0.819591
0.000112,0.534055,0.820118
0.000113,0.530079,0.820645
0.000114,0.526065,0.821145
0.000115,0.522013,0.821672
0.000116,0.517924,0.822171
0.000117,0.513798,0.822698
0.000118,0.509634,0.823226
0.000119,0.505435,0.823725
0.00012,0.501198,0.824252
0.000121,0.496926,0.824751
0.000122,0.492619,0.825279
0.000123,0.488276,0.825778
0.000124,0.483899,0.826305
0.000125,0.479488,0.826804
0.000126,0.475042,0.827332
0.000127,0.470564,0.827831
0.000128,0.466053,0.828358
0.000129,0.46151,0.828857
0.00013,0.456934,0.829385
0.000131,0.452328,0.829884
0.000132,0.447692,0.830383
0.000133,0.443025,0.83091
0.000134,0.43833,0.83141
0.000135,0.433605,0.831937
0.000136,0.428854,0.832436
0.000137,0.424074,0.832936
0.000138,0.419269,0.833463
0.000139,0.414438,0.833962
0.00014,0.409582,0.834462
0.000141,0.404702,0.834961
0.000142,0.399799,0.83546
0.000143,0.394873,0.835987
0.000144,0.389926,0.836487
0.000145,0.384958,0.836986
0.000146,0.379971,0.837513
0.000147,0.374965,0.838013
0.000148,0.369941,0.838512
0.000149,0.364901,0.839011
0.00015,0.359844,0.839511
0.000151,0.354773,0.84001
0.000152,0.349689,0.84051
0.000153,0.344591,0.841009
0.000154,0.339482,0.841536
0.000155,0.334363,0.842008
0.000156,0.329234,0.842535
0.000157,0.324098,0.843006
0.000158,0.318955,0.843506
0.000159,0.313805,0.844005
0.00016,0.308651,0.844505
0.000161,0.303494,0.845004
0.000162,0.298335,0.845503
0.000163,0.293176,0.846003
0.000164,0.288016,0.846502
0.000165,0.282859,0.847001
0.000166,0.277705,0.847473
0.000167,0.272555,0.847973
0.000168,0.267411,0.848472
0.000169,0.262274,0.848971
0.00017,0.257147,0.849471
0.000171,0.252028,0.84997
0.000172,0.246922,0.850442
0.000173,0.241829,0.850941
0.000174,0.236749,0.85144
0.000175,0.231685,0.85194
0.000176,0.226639,0.852411
0.000177,0.221612,0.852911
0.000178,0.216605,0.85341
0.000179,0.211619,0.853882
0.00018,0.206655,0.854381
0.000181,0.201717,0.854853
0.000182,0.196805,0.855352
0.000183,0.191921,0.855824
0.000184,0.187067,0.856323
0.000185,0.182242,0.856795
0.000186,0.177451,0.857294
0.000187,0.172692,0.857766
0.000188,0.167969,0.858265
0.000189,0.163283,0.858737
0.00019,0.158636,0.859236
0.000191,0.154028,0.859708
0.000192,0.149462,0.86018
0.000193,0.144938,0.860651
0.000194,0.14046,0.861151
0.000195,0.136027,0.861622
0.000196,0.131643,0.862122
0.000197,0.127306,0.862593
0.000198,0.123021,0.863065
0.000199,0.118788,0.863536
0.0002,0.114608,0.864008
0.000200999,0.110484,0.86448
0.000201999,0.106416,0.864979
0.000202999,0.102406,0.865451
0.000203999,0.0984546,0.865922
0.000204999,0.0945657,0.866394
0.000205999,0.0907383,0.866866
0.000206999,0.0869747,0.867337
0.000207999,0.0832749,0.867809
0.000208999,0.0796437,0.868281
0.000209999,0.0760793,0.868752
0.000210999,0.072583,0.869224
0.000211999,0.0691588,0.869695
0.000212999,0.0658057,0.870167
0.000213999,0.0625256,0.870639
0.000214999,0.0593188,0.87111
0.000215999,0.0561893,0.871582
0.000216999,0.0531346,0.872026
0.000217999,0.0501594,0.872498
0.000218999,0.0472618,0.872969
0.000219999,0.0444457,0.873441
0.000220999,0.0417099,0.873885
0.000221999,0.0390561,0.874356
0.000222999,0.0364859,0.874828
0.000223999,0.0340011,0.8753
0.000224999,0.0316001,0.875744
0.000225999,0.0292863,0.876215
0.000226999,0.0270588,0.876659
0.000227999,0.0249201,0.877103
0.000228999,0.0228707,0.877575
0.000229999,0.02091,0.878046
0.000230999,0.0190403,0.87849
0.000231999,0.017262,0.878962
0.000232999,0.0155752,0.879406
0.000233999,0.0139812,0.879877
0.000234999,0.0124815,0.880321
0.000235999,0.0110748,0.880765
0.000236999,0.00976262,0.881237
0.000237999,0.00854616,0.881681
0.000238999,0.00742435,0.882124
0.000239999,0.00639906,0.882568
0.000240999,0.00546994,0.88304
0.000241999,0.00463734,0.883484
0.000242999,0.00390234,0.883928
0.000243999,0.00326443,0.884372
0.000244999,0.0027246,0.884816
0.000245999,0.00228157,0.885259
0.000246999,0.00193696,0.885731
0.000247999,0.00169096,0.886175
0.000248999,0.00154438,0.886619
0.000249999,0.00149498,0.887063
0.000250999,0.00154438,0.887507
0.000251999,0.00169096,0.887951
0.000252999,0.00193696,0.888394
0.000253999,0.00228157,0.888811
0.000254999,0.00272307,0.889255
0.000255999,0.00326366,0.889698
0.000256999,0.00390081,0.890142
0.000257999,0.00463657,0.890586
0.000258999,0.00546842,0.89103
0.000259999,0.00639753,0.891446
0.000260999,0.00742359,0.89189
0.000261999,0.00854392,0.892334
0.000262999,0.00976038,0.89275
0.000263999,0.0110733,0.893194
0.000264999,0.0124792,0.893638
0.000265999,0.0139798,0.894082
0.000266999,0.0155737,0.894498
0.000267999,0.0172598,0.894942
0.000268999,0.0190388,0.895358
0.000269999,0.0209071,0.895774
0.000270999,0.0228677,0.896218
0.000271999,0.0249171,0.896634
0.000272999,0.0270559,0.897078
0.000273999,0.0292834,0.897494
0.000274999,0.0315972,0.89791
0.000275999,0.0339974,0.898354
0.000276999,0.0364837,0.89877
0.000277999,0.0390532,0.899187
0.000278999,0.0417063,0.899603
0.000279999,0.0444421,0.900047
0.000280999,0.047259,0.900463
0.000281999,0.0501559,0.900879
0.000282999,0.0531318,0.901295
0.000283999,0.0561858,0.901711
0.000284999,0.059316,0.902127
0.000286,0.0625221,0.902543
0.000287,0.0658015,0.90296
0.000288,0.0691553,0.903376
0.000289,0.0725802,0.903792
0.00029,0.0760752,0.904208
0.000291,0.0796395,0.904624
0.000292,0.0832722,0.90504
0.000293,0.0869706,0.905457
0.000294,0.0907335,0.905873
0.000295,0.0945611,0.906261
0.000296,0.0984519,0.906677
0.000297,0.102402,0.907093
0.000298,0.106412,0.907482
0.000299,0.11048,0.907898
0.0003,0.114605,0.908314
0.000301,0.118784,0.908702
0.000302,0.123017,0.909119
0.000303,0.127302,0.909507
0.000304,0.131638,0.909923
0.000305,0.136023,0.910312
0.000306,0.140456,0.9107
0.000307,0.144934,0.911116
0.000308,0.149458,0.911532
0.000309,0.154024,0.911921
0.00031,0.158631,0.912309
0.000311,0.163279,0.912725
0.000312,0.167966,0.913114
0.000313,0.172688,0.913502
0.000314,0.177446,0.91389
0.000315,0.182239,0.914279
0.000316,0.187063,0.914667
0.000317,0.191918,0.915056
0.000318,0.196803,0.915472
0.000319,0.201714,0.915833
0.00032,0.206653,0.916221
0.000321,0.211615,0.916637
0.000322,0.216601,0.916998
0.000323,0.221608,0.917386
0.000324,0.226636,0.917775
0.000325,0.231683,0.918163
0.000326,0.236747,0.918551
0.000327,0.241826,0.918912
0.000328,0.24692,0.9193
0.000329,0.252026,0.919689
0.00033,0.257144,0.920077
0.000331,0.262273,0.920438
0.000332,0.267409,0.920826
0.000333,0.272553,0.921187
0.000334,0.277703,0.921575
0.000335,0.282857,0.921964
0.000336,0.288014,0.922324
0.000337,0.293174,0.922685
0.000338,0.298334,0.923074
0.000339,0.303493,0.923462
0.00034,0.308649,0.923823
0.000341,0.313804,0.924183
0.000342,0.318953,0.924544
0.000343,0.324097,0.924932
0.000344,0.329233,0.925293
0.000345,0.334362,0.925654
0.000346,0.339481,0.926014
0.000347,0.34459,0.926375
0.000348,0.349687,0.926736
0.000349,0.354772,0.927096
0.00035,0.359843,0.927457
0.000351,0.3649,0.927818
0.000352,0.36994,0.928178
0.000353,0.374964,0.928539
0.000354,0.37997,0.9289
0.000355,0.384957,0.92926
0.000356,0.389926,0.929621
0.000357,0.394873,0.929954
0.000358,0.399798,0.930314
0.000359,0.404702,0.930675
0.00036,0.409582,0.931036
0.000361,0.414438,0.931369
0.000362,0.419269,0.931729
0.000363,0.424074,0.932062
0.000364,0.428854,0.932423
0.000365,0.433606,0.932756
0.000366,0.43833,0.933117
0.000367,0.443025,0.93345
0.000368,0.447692,0.933782
0.000369,0.452329,0.934143
0.00037,0.456935,0.934476
0.000371,0.46151,0.934837
0.000372,0.466053,0.93517
0.000373,0.470565,0.935502
0.000374,0.475043,0.935835
0.000375,0.479488,0.936168
0.000376,0.4839,0.936501
0.000377,0.488277,0.936834
0.000378,0.49262,0.937195
0.000379,0.496927,0.9375
0.00038,0.501199,0.937861
0.000381,0.505436,0.938194
0.000382,0.509636,0.938499
0.000383,0.513799,0.938832
0.000384,0.517925,0.939165
0.000385,0.522015,0.939498
0.000386,0.526066,0.939803
0.000387,0.53008,0.940136
0.000388,0.534056,0.940469
0.000389,0.537994,0.940774
0.00039,0.541894,0.941107
0.000391,0.545755,0.94144
0.000392,0.549576,0.941745
0.000393,0.55336,0.942078
0.000394,0.557103,0.942383
0.000395,0.560808,0.942716
0.000396,0.564473,0.943021
0.000397,0.5681,0.943326
0.000398,0.571686,0.943659
0.000399,0.575233,0.943964
0.0004,0.578741,0.944269
0.000401,0.582209,0.944575
0.000402,0.585638,0.94488
0.000403,0.589027,0.945185
0.000404,0.592376,0.945518
0.000405,0.595686,0.945823
0.000406,0.598956,0.946128
0.000407,0.602187,0.946433
0.000408,0.605379,0.946738
0.000409,0.608531,0.947044
0.00041,0.611645,0.947321
0.000411,0.614719,0.947626
0.000412,0.617755,0.947931
0.000413,0.620751,0.948237
0.000414,0.623709,0.948514
0.000415,0.626629,0.948819
0.000416,0.62951,0.949124
0.000417,0.632353,0.949402
0.000418001,0.635158,0.949707
0.000419001,0.637926,0.949984
0.000420001,0.640656,0.95029
0.000421001,0.643348,0.950567
0.000422001,0.646003,0.950872
0.000423001,0.648622,0.95115
0.000424001,0.651204,0.951427
0.000425001,0.653749,0.951732
0.000426001,0.656258,0.95201
0.000427001,0.658731,0.952287
0.000428001,0.661169,0.952565
0.000429001,0.663571,0.952842
0.000430001,0.665938,0.953119
0.000431001,0.66827,0.953397
0.000432001,0.670568,0.953674
0.000433001,0.672831,0.953952
0.000434001,0.67506,0.954229
0.000435001,0.677256,0.954507
0.000436001,0.679418,0.954784
0.000437001,0.681547,0.955061
0.000438001,0.683644,0.955311
0.000439001,0.685708,0.955589
0.000440001,0.687739,0.955866
0.000441001,0.689739,0.956143
0.000442001,0.691708,0.956393
0.000443001,0.693645,0.956671
0.000444001,0.695551,0.956948
0.000445001,0.697427,0.957198
0.000446001,0.699273,0.957447
0.000447001,0.701088,0.957725
0.000448001,0.702874,0.957974
0.000449001,0.704631,0.958224
0.000450001,0.706359,0.958502
0.000451001,0.708059,0.958751
0.000452001,0.70973,0.959001
0.000453001,0.711374,0.959251
0.000454001,0.712989,0.9595
0.000455001,0.714578,0.959778
0.000456001,0.71614,0.96
0.000457001,0.717675,0.960277
0.000458001,0.719184,0.960527
0.000459001,0.720667,0.960749
0.000460001,0.722125,0.960999
0.000461001,0.723558,0.961248
0.000462001,0.724965,0.961498
0.000463001,0.726348,0.961748
0.000464001,0.727707,0.96197
0.000465001,0.729042,0.962219
0.000466001,0.730354,0.962469
0.000467001,0.731642,0.962691
0.000468001,0.732908,0.962941
0.000469001,0.73415,0.96319
0.000470001,0.735371,0.963412
0.000471001,0.73657,0.963662
0.000472001,0.737747,0.963884
0.000473001,0.738903,0.964106
0.000474001,0.740038,0.964328
0.000475001,0.741152,0.964577
0.000476001,0.742246,0.964799
0.000477001,0.74332,0.965021
0.000478001,0.744374,0.965243
0.000479001,0.745409,0.965493
0.000480001,0.746424,0.965687
0.000481001,0.747421,0.965909
0.000482001,0.748399,0.966131
0.000483001,0.749359,0.966353
0.000484001,0.750301,0.966575
0.000485001,0.751225,0.966797
0.000486001,0.752132,0.967019
0.000487001,0.753022,0.967241
0.000488001,0.753895,0.967463
0.000489001,0.754752,0.967657
0.000490001,0.755592,0.967879
0.000491001,0.756416,0.968073
0.000492001,0.757225,0.968295
0.000493001,0.758018,0.968517
0.000494001,0.758796,0.968711
0.000495001,0.759559,0.968905
0.000496001,0.760307,0.969127
0.000497001,0.761041,0.969321
0.000498001,0.76176,0.969516
0.000499001,0.762466,0.969738
0.000500001,0.763158,0.969932
0.000501001,0.763836,0.970126
0.000502001,0.764501,0.97032
0.000503001,0.765153,0.970514
0.000504001,0.765793,0.970709
0.000505001,0.76642,0.970903
0.000506001,0.767034,0.971097
0.000507001,0.767636,0.971291
0.000508001,0.768227,0.971485
0.000509001,0.768806,0.97168
0.000510001,0.769373,0.971874
0.000511001,0.769929,0.972068
0.000512001,0.770475,0.972235
0.000513001,0.771009,0.972429
0.000514001,0.771533,0.972623
0.000515001,0.772046,0.972789
0.000516001,0.772549,0.972984
0.000517001,0.773042,0.97315
0.000518001,0.773525,0.973344
0.000519001,0.773998,0.973511
0.000520001,0.774462,0.973677
0.000521001,0.774916,0.973871
0.000522001,0.775362,0.974038
0.000523001,0.775798,0.974204
0.000524001,0.776226,0.974371
0.000525001,0.776645,0.974565
0.000526001,0.777055,0.974731
0.000527001,0.777458,0.974898
0.000528001,0.777852,0.975064
0.000529001,0.778238,0.975231
0.000530001,0.778616,0.975397
0.000531001,0.778987,0.975564
0.000532001,0.77935,0.975702
0.000533001,0.779705,0.975869
0.000534001,0.780054,0.976035
0.000535001,0.780395,0.976202
0.000536001,0.780729,0.976341
0.000537001,0.781057,0.976507
0.000538001,0.781378,0.976646
0.000539001,0.781692,0.976812
0.000540001,0.782,0.976951
0.000541001,0.782302,0.977117
0.000542001,0.782597,0.977256
0.000543001,0.782886,0.977423
0.000544001,0.78317,0.977561
0.000545001,0.783448,0.9777
0.000546001,0.783719,0.977866
0.000547001,0.783986,0.978005
0.000548001,0.784247,0.978144
0.000549002,0.784502,0.978283
0.000550002,0.784753,0.978421
0.000551002,0.784998,0.97856
0.000552002,0.785238,0.978699
0.000553002,0.785473,0.978837
0.000554002,0.785704,0.978976
0.000555002,0.785929,0.979115
0.000556002,0.78615,0.979226
0.000557002,0.786367,0.979365
0.000558002,0.786579,0.979503
0.000559002,0.786786,0.979614
0.000560002,0.78699,0.979753
0.000561002,0.787189,0.979892
0.000562002,0.787384,0.980003
0.000563002,0.787575,0.980141
0.000564002,0.787762,0.980252
0.000565002,0.787946,0.980363
0.000566002,0.788125,0.980502
0.000567002,0.788301,0.980613
0.000568002,0.788473,0.980724
0.000569002,0.788642,0.980835
0.000570002,0.788807,0.980974
0.000571002,0.788969,0.981085
0.000572002,0.789128,0.981196
0.000573002,0.789283,0.981307
0.000574002,0.789435,0.981418
0.000575002,0.789584,0.981529
0.000576002,0.78973,0.98164
0.000577002,0.789873,0.981723
0.000578002,0.790013,0.981834
0.000579002,0.79015,0.981945
0.000580002,0.790284,0.982056
0.000581002,0.790416,0.982139
0.000582002,0.790545,0.98225
0.000583002,0.790671,0.982361
0.000584002,0.790795,0.982444
0.000585002,0.790916,0.982555
0.000586002,0.791035,0.982638
0.000587002,0.791151,0.982722
0.000588002,0.791265,0.982832
0.000589002,0.791376,0.982916
0.000590002,0.791486,0.982999
0.000591002,0.791593,0.98311
0.000592002,0.791697,0.983193
0.000593002,0.7918,0.983276
0.000594002,0.791901,0.98336
0.000595002,0.791999,0.983443
0.000596002,0.792096,0.983526
0.000597002,0.792191,0.983609
0.000598002,0.792283,0.983693
0.000599002,0.792374,0.983776
0.000600002,0.792463,0.983859
0.000601002,0.79255,0.983914
0.000602002,0.792636,0.983998
0.000603002,0.792719,0.984081
0.000604002,0.792801,0.984136
0.000605002,0.792882,0.98422
0.000606002,0.79296,0.984275
0.000607002,0.793038,0.984358
0.000608002,0.793113,0.984414
0.000609002,0.793187,0.984497
0.000610002,0.79326,0.984553
0.000611002,0.793331,0.984636
0.000612002,0.7934,0.984691
0.000613002,0.793469,0.984747
0.000614002,0.793536,0.984802
0.000615002,0.793601,0.984858
0.000616002,0.793665,0.984913
0.000617002,0.793728,0.984969
0.000618002,0.79379,0.985024
0.000619002,0.79385,0.98508
0.000620002,0.79391,0.985135
0.000621002,0.793968,0.985191
0.000622002,0.794025,0.985246
0.000623002,0.79408,0.985302
0.000624002,0.794135,0.985329
0.000625002,0.794188,0.985385
0.000626002,0.794241,0.98544
0.000627002,0.794292,0.985468
0.000628002,0.794343,0.985524
0.000629002,0.794392,0.985551
0.000630002,0.794441,0.985607
0.000631002,0.794488,0.985635
0.000632002,0.794534,0.985662
0.000633002,0.79458,0.985718
0.000634002,0.794625,0.985745
0.000635002,0.794668,0.985773
0.000636002,0.794711,0.985801
0.000637002,0.794753,0.985856
0.000638002,0.794794,0.985884
0.000639002,0.794835,0.985912
0.000640002,0.794874,0.98594
0.000641002,0.794913,0.985967
0.000642002,0.794951,0.985995
0.000643002,0.794989,0.985995
0.000644002,0.795025,0.986023
0.000645002,0.795061,0.986051
0.000646002,0.795096,0.986078
0.000647002,0.79513,0.986078
0.000648002,0.795164,0.986106
0.000649002,0.795197,0.986134
0.000650002,0.795229,0.986134
0.000651002,0.795261,0.986162
0.000652002,0.795292,0.986162
0.000653002,0.795322,0.986162
0.000654002,0.795352,0.986189
0.000655002,0.795382,0.986189
0.000656002,0.79541,0.986189
0.000657002,0.795438,0.986189
0.000658002,0.795466,0.986217
0.000659002,0.795493,0.986217
0.000660002,0.795519,0.986217
0.000661002,0.795545,0.986217
0.000662002,0.79557,0.986217
0.000663002,0.795595,0.986217
0.000664002,0.795619,0.986217
0.000665002,0.795643,0.986217
0.000666002,0.795667,0.986189
0.000667002,0.79569,0.986189
0.000668002,0.795712,0.986189
0.000669002,0.795734,0.986162
0.000670002,0.795755,0.986162
0.000671002,0.795776,0.986162
0.000672002,0.795797,0.986134
0.000673002,0.795817,0.986134
0.000674002,0.795837,0.986106
0.000675002,0.795856,0.986078
0.000676002,0.795875,0.986078
0.000677002,0.795894,0.986051
0.000678002,0.795912,0.986023
0.000679002,0.79593,0.986023
0.000680003,0.795947,0.985995
0.000681003,0.795964,0.985967
0.000682003,0.795981,0.98594
0.000683003,0.795997,0.985912
0.000684003,0.796013,0.985884
0.000685003,0.796028,0.985856
0.000686003,0.796044,0.985829
0.000687003,0.796059,0.985801
0.000688003,0.796073,0.985745
0.000689003,0.796087,0.985718
0.000690003,0.796101,0.98569
0.000691003,0.796115,0.985635
0.000692003,0.796128,0.985607
0.000693003,0.796141,0.985579
0.000694003,0.796154,0.985524
0.000695003,0.796166,0.985496
0.000696003,0.796178,0.98544
0.000697003,0.79619,0.985385
0.000698003,0.796201,0.985357
0.000699003,0.796213,0.985302
0.000700003,0.796224,0.985246
0.000701003,0.796234,0.985191
0.000702003,0.796245,0.985163
0.000703003,0.796255,0.985107
0.000704003,0.796265,0.985052
0.000705003,0.796274,0.984996
0.000706003,0.796283,0.984941
0.000707003,0.796293,0.984885
0.000708003,0.796301,0.98483
0.000709003,0.79631,0.984747
0.000710003,0.796318,0.984691
0.000711003,0.796326,0.984636
0.000712003,0.796334,0.98458
0.000713003,0.796342,0.984497
0.000714003,0.796349,0.984442
0.000715003,0.796356,0.984358
0.000716003,0.796363,0.984303
0.000717003,0.79637,0.98422
0.000718003,0.796377,0.984164
0.000719003,0.796383,0.984081
0.000720003,0.796389,0.984025
0.000721003,0.796395,0.983942
0.000722003,0.7964,0.983859
0.000723003,0.796406,0.983776
0.000724003,0.796411,0.983693
0.000725003,0.796416,0.983637
0.000726003,0.796421,0.983554
0.000727003,0.796425,0.983471
0.000728003,0.79643,0.983387
0.000729003,0.796434,0.983304
0.000730003,0.796438,0.983193
0.000731003,0.796441,0.98311
0.000732003,0.796445,0.983027
0.000733003,0.796448,0.982943
0.000734003,0.796452,0.98286
0.000735003,0.796454,0.982749
0.000736003,0.796457,0.982666
0.000737003,0.79646,0.982555
0.000738003,0.796462,0.982472
0.000739003,0.796464,0.982361
0.000740003,0.796466,0.982278
0.000741003,0.796468,0.982167
0.000742003,0.79647,0.982056
0.000743003,0.796471,0.981972
0.000744003,0.796472,0.981861
0.000745003,0.796473,0.98175
0.000746003,0.796474,0.98164
0.000747003,0.796475,0.981556
0.000748003,0.796475,0.981445
0.000749003,0.796476,0.981334
0.000750003,0.796476,0.981223
0.000751003,0.796476,0.981085
0.000752003,0.796475,0.980974
0.000753003,0.796475,0.980863
0.000754003,0.796474,0.980752
0.000755003,0.796473,0.980641
0.000756003,0.796472,0.980502
0.000757003,0.796471,0.980391
0.000758003,0.79647,0.98028
0.000759003,0.796468,0.980141
0.000760003,0.796466,0.98003
0.000761003,0.796464,0.979892
0.000762003,0.796462,0.979781
0.000763003,0.79646,0.979642
0.000764003,0.796457,0.979531
0.000765003,0.796454,0.979392
0.000766003,0.796451,0.979254
0.000767003,0.796448,0.979115
0.000768003,0.796445,0.979004
0.000769003,0.796441,0.978865
0.000770003,0.796438,0.978726
0.000771003,0.796434,0.978588
0.000772003,0.79643,0.978449
0.000773003,0.796425,0.97831
0.000774003,0.796421,0.978172
0.000775003,0.796416,0.978033
0.000776003,0.796411,0.977866
0.000777003,0.796406,0.977728
0.000778003,0.7964,0.977589
0.000779003,0.796395,0.97745
0.000780003,0.796389,0.977284
0.000781003,0.796383,0.977145
0.000782003,0.796377,0.976979
0.000783003,0.79637,0.97684
0.000784003,0.796363,0.976673
0.000785003,0.796356,0.976535
0.000786003,0.796349,0.976368
0.000787003,0.796342,0.97623
0.000788003,0.796334,0.976063
0.000789003,0.796326,0.975897
0.000790003,0.796318,0.97573
0.000791003,0.79631,0.975564
0.000792003,0.796301,0.975425
0.000793003,0.796292,0.975259
0.000794003,0.796283,0.975092
0.000795003,0.796274,0.974926
0.000796003,0.796265,0.974759
0.000797003,0.796255,0.974593
0.000798003,0.796245,0.974399
0.000799003,0.796234,0.974232
0.000800003,0.796223,0.974066
0.000801003,0.796213,0.973899
0.000802003,0.796201,0.973733
0.000803003,0.79619,0.973538
0.000804003,0.796178,0.973372
0.000805003,0.796166,0.973178
0.000806003,0.796154,0.973011
0.000807003,0.796141,0.972817
0.000808003,0.796128,0.972651
0.000809003,0.796115,0.972457
0.000810003,0.796101,0.972262
0.000811003,0.796087,0.972096
0.000812004,0.796073,0.971902
0.000813004,0.796058,0.971707
0.000814004,0.796044,0.971513
0.000815004,0.796028,0.971347
0.000816004,0.796013,0.971153
0.000817004,0.795997,0.970958
0.000818004,0.795981,0.970764
0.000819004,0.795964,0.970542
0.000820004,0.795947,0.970376
0.000821004,0.79593,0.970154
0.000822004,0.795912,0.96996
0.000823004,0.795894,0.969765
0.000824004,0.795875,0.969571
0.000825004,0.795856,0.969349
0.000826004,0.795837,0.969155
0.000827004,0.795817,0.968961
0.000828004,0.795797,0.968739
0.000829004,0.795776,0.968545
0.000830004,0.795755,0.968323
0.000831004,0.795734,0.968129
0.000832004,0.795712,0.967907
0.000833004,0.795689,0.967712
0.000834004,0.795667,0.96749
0.000835004,0.795643,0.967269
0.000836004,0.795619,0.967047
0.000837004,0.795595,0.966852
0.000838004,0.79557,0.96663
0.000839004,0.795545,0.966408
0.000840004,0.795519,0.966187
0.000841004,0.795493,0.965965
0.000842004,0.795466,0.965743
0.000843004,0.795438,0.965521
0.000844004,0.79541,0.965299
0.000845004,0.795381,0.965077
0.000846004,0.795352,0.964827
0.000847004,0.795322,0.964605
0.000848004,0.795292,0.964383
0.000849004,0.795261,0.964161
0.000850004,0.795229,0.963912
0.000851004,0.795197,0.96369
0.000852004,0.795164,0.963468
0.000853004,0.79513,0.963218
0.000854004,0.795096,0.962968
0.000855004,0.795061,0.962746
0.000856004,0.795025,0.962497
0.000857004,0.794988,0.962275
0.000858004,0.794951,0.962025
0.000859004,0.794913,0.961775
0.000860004,0.794874,0.961553
0.000861004,0.794835,0.961304
0.000862004,0.794794,0.961054
0.000863004,0.794753,0.960804
0.000864004,0.794711,0.960555
0.000865004,0.794668,0.960305
0.000866004,0.794624,0.960055
0.000867004,0.79458,0.959806
0.000868004,0.794534,0.959556
0.000869004,0.794488,0.959306
0.000870004,0.79444,0.959056
0.000871004,0.794392,0.958807
0.000872004,0.794342,0.958529
0.000873004,0.794292,0.95828
0.000874004,0.794241,0.95803
0.000875004,0.794188,0.957753
0.000876004,0.794135,0.957503
0.000877004,0.79408,0.957253
0.000878004,0.794024,0.956976
0.000879004,0.793967,0.956726
0.000880004,0.793909,0.956449
0.000881004,0.79385,0.956171
0.000882004,0.79379,0.955922
0.000883004,0.793728,0.955644
0.000884004,0.793665,0.955367
0.000885004,0.793601,0.955117
0.000886004,0.793535,0.95484
0.000887004,0.793468,0.954562
0.000888004,0.7934,0.954285
0.000889004,0.79333,0.954007
0.000890004,0.793259,0.95373
0.000891004,0.793187,0.953452
0.000892004,0.793113,0.953175
0.000893004,0.793037,0.952897
0.000894004,0.79296,0.95262
0.000895004,0.792881,0.952343
0.000896004,0.792801,0.952065
0.000897004,0.792719,0.95176
0.000898004,0.792635,0.951483
0.000899004,0.79255,0.951205
0.000900004,0.792463,0.950928
0.000901004,0.792374,0.950623
0.000902004,0.792283,0.950345
0.000903004,0.79219,0.95004
0.000904004,0.792095,0.949763
0.000905004,0.791999,0.949457
0.000906004,0.7919,0.949152
0.000907004,0.7918,0.948875
0.000908004,0.791697,0.94857
0.000909004,0.791592,0.948292
0.000910004,0.791485,0.947987
0.000911004,0.791376,0.947682
0.000912004,0.791264,0.947377
0.000913004,0.79115,0.947071
0.000914004,0.791034,0.946794
0.000915004,0.790915,0.946489
0.000916004,0.790794,0.946184
0.000917004,0.79067,0.945878
0.000918004,0.790544,0.945573
0.000919004,0.790415,0.945268
0.000920004,0.790284,0.944963
0.000921004,0.790149,0.944658
0.000922004,0.790012,0.944325
0.000923004,0.789872,0.94402
0.000924004,0.789729,0.943714
0.000925004,0.789583,0.943382
0.000926004,0.789434,0.943076
0.000927004,0.789282,0.942771
0.000928004,0.789127,0.942466
0.000929004,0.788968,0.942133
0.000930004,0.788806,0.9418
0.000931004,0.788641,0.941495
0.000932004,0.788472,0.941162
0.000933004,0.7883,0.940857
0.000934004,0.788124,0.940524
0.000935004,0.787945,0.940191
0.000936004,0.787761,0.939886
0.000937004,0.787574,0.939553
0.000938004,0.787383,0.93922
0.000939004,0.787188,0.938887
0.000940004,0.786988,0.938582
0.000941004,0.786785,0.938249
0.000942004,0.786577,0.937916
0.000943005,0.786365,0.937583
0.000944005,0.786149,0.93725
0.000945005,0.785928,0.936917
0.000946005,0.785702,0.936584
0.000947005,0.785472,0.936252
0.000948005,0.785236,0.935891
0.000949005,0.784996,0.935558
0.000950005,0.784751,0.935225
0.000951005,0.784501,0.934892
0.000952005,0.784245,0.934559
0.000953005,0.783984,0.934199
0.000954005,0.783718,0.933866
0.000955005,0.783446,0.933505
0.000956005,0.783168,0.933172
0.000957005,0.782885,0.932839
0.000958005,0.782595,0.932478
0.000959005,0.7823,0.932118
0.000960005,0.781998,0.931785
0.000961005,0.78169,0.931424
0.000962005,0.781376,0.931091
0.000963005,0.781055,0.930731
0.000964005,0.780727,0.930398
0.000965005,0.780393,0.930037
0.000966005,0.780052,0.929676
0.000967005,0.779703,0.929316
0.000968005,0.779347,0.928955
0.000969005,0.778984,0.928594
0.000970005,0.778614,0.928262
0.000971005,0.778235,0.927901
0.000972005,0.777849,0.92754
0.000973005,0.777455,0.92718
0.000974005,0.777053,0.926819
0.000975005,0.776642,0.926458
0.000976005,0.776223,0.92607
0.000977005,0.775796,0.925709
0.000978005,0.775359,0.925348
0.000979005,0.774914,0.924988
0.000980005,0.774459,0.924627
0.000981005,0.773995,0.924266
0.000982005,0.773522,0.923878
0.000983005,0.773039,0.923517
0.000984005,0.772546,0.923129
0.000985005,0.772043,0.922768
0.000986005,0.771529,0.92238
0.000987005,0.771006,0.922019
0.000988005,0.770471,0.921631
0.000989005,0.769926,0.92127
0.000990005,0.76937,0.920882
0.000991005,0.768802,0.920521
0.000992005,0.768223,0.920133
0.000993005,0.767633,0.919744
0.000994005,0.76703,0.919384
0.000995005,0.766416,0.918995
0.000996005,0.765789,0.918607
0.000997005,0.765149,0.918246
0.000998005,0.764497,0.917858
0.000999005,0.763832,0.917469
0.001,0.763153,0.917081
0.001001,0.762461,0.916693
0.001002,0.761756,0.916304
0.001003,0.761036,0.915916
0.001004,0.760302,0.915527
0.001005,0.759554,0.915139
0.001006,0.758791,0.914751
0.001007,0.758013,0.914362
0.001008,0.75722,0.913974
0.00100901,0.756411,0.913585
0.00101001,0.755587,0.913169
0.00101101,0.754747,0.912781
0.00101201,0.75389,0.912392
0.00101301,0.753017,0.911976
0.00101401,0.752127,0.911588
0.00101501,0.75122,0.911199
0.00101601,0.750295,0.910811
0.00101701,0.749353,0.910395
0.00101801,0.748393,0.909979
0.00101901,0.747415,0.90959
0.00102001,0.746418,0.909174
0.00102101,0.745402,0.908786
0.00102201,0.744367,0.90837
0.00102301,0.743313,0.907981
0.00102401,0.742239,0.907565
0.00102501,0.741145,0.907149
0.00102601,0.740031,0.90676
0.00102701,0.738896,0.906344
0.00102801,0.73774,0.905928
0.00102901,0.736563,0.905512
0.00103001,0.735364,0.905124
0.00103101,0.734143,0.904707
0.00103201,0.7329,0.904291
0.00103301,0.731634,0.903875
0.00103401,0.730346,0.903459
0.00103501,0.729034,0.903043
0.00103601,0.727699,0.902627
0.00103701,0.72634,0.902211
0.00103801,0.724957,0.901794
0.00103901,0.723549,0.901378
0.00104001,0.722116,0.900962
0.00104101,0.720658,0.900546
0.00104201,0.719175,0.90013
0.00104301,0.717666,0.899686
0.00104401,0.71613,0.89927
0.00104501,0.714568,0.898854
0.00104601,0.71298,0.89841
0.00104701,0.711364,0.897994
0.00104801,0.70972,0.897577
0.00104901,0.708049,0.897161
0.00105001,0.706349,0.896717
0.00105101,0.704621,0.896301
0.00105201,0.702864,0.895857
0.00105301,0.701077,0.895441
0.00105401,0.699262,0.894997
0.00105501,0.697416,0.894581
0.00105601,0.69554,0.894137
0.00105701,0.693633,0.893721
0.00105801,0.691696,0.893277
0.00105901,0.689727,0.892861
0.00106001,0.687727,0.892417
0.00106101,0.685695,0.891973
0.00106201,0.683631,0.891529
0.00106301,0.681535,0.891086
0.00106401,0.679405,0.890669
0.00106501,0.677243,0.890225
0.00106601,0.675047,0.889782
0.00106701,0.672817,0.889338
0.00106801,0.670554,0.888922
0.00106901,0.668256,0.888478
0.00107001,0.665924,0.888034
0.00107101,0.663557,0.887562
0.00107201,0.661154,0.887146
0.00107301,0.658716,0.886702
0.00107401,0.656243,0.88623
0.00107501,0.653734,0.885814
0.00107601,0.651188,0.88537
0.00107701,0.648606,0.884899
0.00107801,0.645987,0.884455
0.00107901,0.643332,0.884011
0.00108001,0.640639,0.883567
0.00108101,0.637909,0.883096
0.00108201,0.635141,0.882652
0.00108301,0.632336,0.882208
0.00108401,0.629493,0.881764
0.00108501,0.626611,0.88132
0.00108601,0.623691,0.880848
0.00108701,0.620733,0.880404
0.00108801,0.617736,0.879933
0.00108901,0.614701,0.879489
0.00109001,0.611626,0.879045
0.00109101,0.608513,0.878573
0.00109201,0.60536,0.878129
0.00109301,0.602168,0.877658
0.00109401,0.598937,0.877214
0.00109501,0.595666,0.876742
0.00109601,0.592356,0.876298
0.00109701,0.589006,0.875827
0.00109801,0.585617,0.875355
0.00109901,0.582188,0.874883
0.00110001,0.57872,0.87444
0.00110101,0.575212,0.873968
0.00110201,0.571665,0.873524
0.00110301,0.568078,0.873052
0.00110401,0.564451,0.872581
0.00110501,0.560786,0.872109
0.00110601,0.557081,0.871638
0.00110701,0.553336,0.871194
0.00110801,0.549553,0.870722
0.00110901,0.545731,0.87025
0.00111001,0.54187,0.869779
0.00111101,0.53797,0.869307
0.00111201,0.534032,0.868835
0.00111301,0.530056,0.868364
0.00111401,0.526042,0.867892
0.00111501,0.52199,0.867421
0.00111601,0.517901,0.866949
0.00111701,0.513774,0.866477
0.00111801,0.50961,0.866006
0.00111901,0.50541,0.865534
0.00112001,0.501174,0.865062
0.00112101,0.496901,0.864591
0.00112201,0.492594,0.864119
0.00112301,0.488251,0.86362
0.00112401,0.483873,0.863148
0.00112501,0.479462,0.862676
0.00112601,0.475016,0.862177
0.00112701,0.470537,0.861705
0.00112801,0.466026,0.861234
0.00112901,0.461482,0.860762
0.00113001,0.456907,0.860263
0.00113101,0.4523,0.859791
0.00113201,0.447664,0.85932
0.00113301,0.442997,0.85882
0.00113401,0.438302,0.858348
0.00113501,0.433577,0.857849
0.00113601,0.428825,0.857377
0.00113701,0.424045,0.856906
0.00113801,0.41924,0.856406
0.00113901,0.414408,0.855935
0.00114001,0.409552,0.855435
0.00114101,0.404672,0.854936
0.00114201,0.399768,0.854464
0.00114301,0.394843,0.853965
0.00114401,0.389896,0.853466
0.00114501,0.384928,0.852994
0.00114601,0.37994,0.852522
0.00114701,0.374934,0.852023
0.00114801,0.36991,0.851524
0.00114901,0.364869,0.851052
0.00115001,0.359813,0.850553
0.00115101,0.354742,0.850053
0.00115201,0.349657,0.849554
0.00115301,0.344559,0.849055
0.00115401,0.33945,0.848583
0.00115501,0.334331,0.848083
0.00115601,0.329202,0.847584
0.00115701,0.324065,0.847085
0.00115801,0.318922,0.846585
0.00115901,0.313773,0.846114
0.00116001,0.308618,0.845587
0.00116101,0.303461,0.845087
0.00116201,0.298302,0.844616
0.00116301,0.293143,0.844116
0.00116401,0.287983,0.843617
0.00116501,0.282826,0.843117
0.00116601,0.277671,0.842618
0.00116701,0.272521,0.842119
0.00116801,0.267378,0.841619
0.00116901,0.262241,0.841092
0.00117001,0.257114,0.840593
0.00117101,0.251995,0.840093
0.00117201,0.246889,0.839594
0.00117301,0.241795,0.839122
0.00117401,0.236716,0.838595
0.00117501,0.231652,0.838096
0.00117601,0.226605,0.837597
0.00117701,0.221579,0.837097
0.00117801,0.216571,0.83657
0.00117901,0.211585,0.836071
0.00118001,0.206623,0.835571
0.00118101,0.201685,0.835072
0.00118201,0.196772,0.834545
0.00118301,0.191888,0.834045
0.00118401,0.187034,0.833546
0.00118501,0.182209,0.833019
0.00118601,0.177417,0.83252
0.00118701,0.17266,0.83202
0.00118801,0.167937,0.831493
0.00118901,0.163251,0.830994
0.00119001,0.158604,0.830494
0.00119101,0.153997,0.829995
0.00119201,0.149431,0.829468
0.00119301,0.144907,0.828941
0.00119401,0.140429,0.828441
0.00119501,0.135997,0.827942
0.00119601,0.131612,0.827415
0.00119701,0.127277,0.826915
0.00119801,0.122992,0.826388
0.00119901,0.118759,0.825889
0.00120001,0.114579,0.825362
0.00120101,0.110455,0.824862
0.00120201,0.106388,0.824335
0.00120301,0.102378,0.823808
0.00120401,0.0984273,0.823309
0.00120501,0.0945383,0.822782
0.00120601,0.0907113,0.822282
0.00120701,0.0869483,0.821755
0.00120801,0.0832497,0.821256
0.00120901,0.0796176,0.820729
0.00121001,0.0760538,0.820202
0.00121101,0.0725595,0.819674
0.00121201,0.0691345,0.819175
0.00121301,0.0657813,0.818648
0.00121401,0.0625017,0.818121
0.00121501,0.0592963,0.817621
0.00121601,0.0561674,0.817094
0.00121701,0.0531134,0.816567
0.00121801,0.050138,0.81604
0.00121901,0.0472411,0.815541
0.00122001,0.0444249,0.815014
0.00122101,0.0416897,0.814486
0.00122201,0.0390373,0.813987
0.00122301,0.0364677,0.81346
0.00122401,0.0339829,0.812933
0.00122501,0.0315826,0.812406
0.00122601,0.0292695,0.811879
0.00122701,0.0270434,0.811351
0.00122801,0.0249053,0.810824
0.00122901,0.0228559,0.810325
0.00123001,0.020896,0.809798
0.00123101,0.0190269,0.809271
0.00123201,0.0172486,0.808744
0.00123301,0.0155633,0.808216
0.00123401,0.0139708,0.807689
0.00123501,0.012471,0.807162
0.00123601,0.0110651,0.806663
0.00123701,0.00975289,0.806108
0.00123801,0.00853715,0.805581
0.00123901,0.00741677,0.805054
0.00124001,0.00639148,0.804527
0.00124101,0.00546312,0.803999
0.00124201,0.00463128,0.803472
0.00124301,0.00389705,0.802973
0.00124401,0.0032599,0.802446
0.00124501,0.00272083,0.801891
0.00124601,0.00227852,0.801364
0.00124701,0.00193543,0.800837
0.00124801,0.0016902,0.80031
0.00124901,0.00154362,0.799783
0.00125001,0.00149498,0.799255
0.00125101,0.00154438,0.798728
0.00125201,0.00169325,0.798201
0.00125301,0.00193925,0.797674
0.00125401,0.00228457,0.797147
0.00125501,0.00272765,0.79662
0.00125601,0.00326748,0.796065
0.00125701,0.00390687,0.795566
0.00125801,0.00464187,0.795011
0.00125901,0.00547447,0.794484
0.00126001,0.00640507,0.793956
0.00126101,0.00743113,0.793429
0.00126201,0.0085537,0.792902
0.00126301,0.00977092,0.792347
0.00126401,0.0110838,0.791848
0.00126501,0.0124904,0.791293
0.00126601,0.0139917,0.790766
0.00126701,0.0155857,0.790239
0.00126801,0.0172732,0.789712
0.00126901,0.0190521,0.789185
0.00127001,0.0209219,0.78863
0.00127101,0.0228833,0.788103
0.00127201,0.0249341,0.787575
0.00127301,0.0270728,0.787021
0.00127401,0.029301,0.786493
0.00127501,0.0316155,0.785966
0.00127601,0.0340163,0.785439
0.00127701,0.0365026,0.784912
0.00127801,0.0390734,0.784385
0.00127901,0.0417265,0.78383
0.00128001,0.0444636,0.783303
0.00128101,0.0472805,0.782748
0.00128201,0.050178,0.782221
0.00128301,0.0531546,0.781694
0.00128401,0.0562084,0.781139
0.00128501,0.05934,0.780612
0.00128601,0.0625466,0.780085
0.00128701,0.0658267,0.779558
0.00128801,0.0691811,0.779003
0.00128901,0.0726058,0.778476
0.00129001,0.076102,0.777949
0.00129101,0.0796669,0.777394
0.00129201,0.0833002,0.776867
0.00129301,0.0869991,0.776339
0.00129401,0.0907632,0.775812
0.00129501,0.0945906,0.775257
0.00129601,0.0984813,0.77473
0.00129701,0.102432,0.774203
0.00129801,0.106443,0.773648
0.00129901,0.110511,0.773121
0.00130001,0.114636,0.772594
0.00130101,0.118816,0.772039
0.00130201,0.12305,0.771512
0.00130301,0.127335,0.770985
0.00130401,0.131672,0.77043
0.00130501,0.136058,0.769903
0.00130601,0.140491,0.769376
0.00130701,0.144969,0.768821
0.00130801,0.149492,0.768294
0.00130901,0.154059,0.767739
0.00131001,0.158667,0.767212
0.00131101,0.163315,0.766685
0.00131201,0.168001,0.76613
0.00131301,0.172724,0.765603
0.00131401,0.177482,0.765076
0.00131501,0.182275,0.764521
0.00131601,0.1871,0.763994
0.00131701,0.191956,0.763467
0.00131801,0.19684,0.762912
0.00131901,0.201752,0.762357
0.00132001,0.20669,0.76183
0.00132101,0.211653,0.761303
0.00132201,0.216639,0.760776
0.00132301,0.221647,0.760221
0.00132401,0.226675,0.759694
0.00132501,0.231721,0.759139
